customer_id,first_name,last_name,email,country_code,signup_at
1,Noah,Murphy,noah.murphy1@example.com,US,2024-07-29 23:30:11
2,Ryan,Kelly,ryan.kelly2@example.com,DE,2024-04-03 15:34:41
3,Luke,Murphy,luke.murphy3@example.com,GB,2024-03-11 22:21:58
4,Ella,Reilly,ella.reilly4@example.com,NL,2023-08-05 01:51:02
5,Daniel,Ryan,daniel.ryan5@example.com,GB,2023-08-04 19:53:50
6,Grace,KELLY,grace.kelly6@example.com,NL,2023-10-06 19:51:38
7,Noah,Byrne,noah.byrne7@example.com,FR,2023-03-03 04:56:31
8,Jack,Reilly,jack.reilly8@example.com,ES,2023-05-30 08:31:08
9,Emma,McCarthy,emma.mccarthy9@example.com,NL,2023-06-30 19:32:11
10,Jack,Smith,jack.smith10@example.com,US,2023-10-15 12:40:24
11,Emma,Reilly,emma.reilly11@example.com,GB,2024-05-08 04:51:11
12,Mia,Lynch,mia.lynch12@example.com,FR,2024-06-18 12:16:07
13,Liam,Walsh,liam.walsh13@example.com,IE,2024-09-30 07:30:38
14,Hannah,Quinn,hannah.quinn14@example.com,GB,2023-09-02 10:01:15
15,Ella,Smith,ella.smith15@example.com,GB,2023-07-25 17:43:27
16,Hannah,Byrne,hannah.byrne16@example.com,FR,2024-11-28 08:37:53
17,Chloe,Doyle,chloe.doyle17@example.com,NL,2023-03-12 14:40:27
18,Daniel,Reilly,daniel.reilly18@example.com,DE,2023-02-19 08:14:32
19,Ryan,McCarthy,ryan.mccarthy19@example.com,ES,2023-01-09 22:01:18
20,Mia,Moore,mia.moore20@example.com,US,2024-05-12 20:23:38
21,Mia,Nolan,mia.nolan21@example.com,GB,2024-08-14 20:00:17
22,Chloe,Reilly,chloe.reilly22@example.com,GB,2023-06-04 11:58:18
23,Chloe,Murphy,chloe.murphy23@example.com,US,2024-04-10 05:08:10
24,Sean,Walsh,sean.walsh24@example.com,GB,2023-02-14 23:48:12
25,Adam,McCarthy,adam.mccarthy25@example.com,NL,2023-02-23 18:12:53
26,Ryan,Smith,ryan.smith26@example.com,FR,2023-07-25 21:00:49
27,Ryan,Moore,ryan.moore27@example.com,ES,2024-07-20 22:54:04
28,Jack,Doyle,jack.doyle28@example.com,FR,2024-11-29 18:01:19
29,aoife,Reilly,aoife.reilly29@example.com,GB,2024-03-06 05:50:44
30,Emma,Murphy,emma.murphy30@example.com,US,2024-10-29 16:45:55
31,Sophia,Nolan,sophia.nolan31@example.com,ES,2023-04-13 18:28:17
32,Adam,Moore,adam.moore32@example.com,GB,2023-11-13 04:08:51
33,Daniel,Doyle,daniel.doyle33@example.com,ES,2024-11-01 23:05:02
34,Liam,Byrne,liam.byrne34@example.com,US,2024-07-19 14:53:06
35,Ryan,Doyle,ryan.doyle35@example.com,DE,2023-04-19 21:11:14
36,Emma,Doyle,emma.doyle36@example.com,NL,2024-09-19 14:37:34
37,Ryan,McCarthy,ryan.mccarthy37@example.com,IE,2023-01-12 11:06:22
38,Adam,Doyle,adam.doyle38@example.com,NL,2023-06-16 00:32:18
39,Grace,Brien,grace.brien39@example.com,NL,2024-12-20 15:32:55
40,Ryan,Lynch,ryan.lynch40@example.com,DE,2024-07-12 00:06:03
41,Hannah,Quinn,hannah.quinn41@example.com,IE,2024-02-26 03:15:04
42,Chloe,McCarthy,chloe.mccarthy42@example.com,GB,2024-02-17 12:54:31
43,Emma,Reilly,emma.reilly43@example.com,ES,2023-02-22 18:52:56
44,Hannah,Walsh,hannah.walsh44@example.com,FR,2024-03-25 15:50:00
45,Hannah,Nolan,hannah.nolan45@example.com,US,2023-09-03 17:33:40
46,Grace,Smith,grace.smith46@example.com,ES,2024-06-05 17:12:47
47,Emma,Murphy,emma.murphy47@example.com,FR,2023-12-22 23:03:40
48,Sophia,Nolan,sophia.nolan48@example.com,GB,2023-07-25 23:41:38
49,Jack,Brien,jack.brien49@example.com,DE,2023-05-03 12:36:50
50,Chloe,Murphy,chloe.murphy50@example.com,NL,2024-06-02 17:52:20
51,Olivia,Brien,olivia.brien51@example.com,IE,2023-03-31 15:44:46
52,Sophia,Quinn,sophia.quinn52@example.com,GB,2023-09-24 07:45:06
53,Mia,  McCarthy ,mia.mccarthy53@example.com,IE,2023-02-09 10:57:36
54,Olivia,Lynch,olivia.lynch54@example.com,GB,2023-07-23 11:12:00
55,Aoife,Kelly,aoife.kelly55@example.com,ES,2023-02-28 10:38:49
56,Hannah,Nolan,hannah.nolan56@example.com,DE,2023-04-26 00:40:05
57,Liam,Ryan,liam.ryan57@example.com,ES,2023-06-13 04:06:37
58,Daniel,Reilly,daniel.reilly58@example.com,GB,2024-08-05 03:16:31
59,James,Byrne,james.byrne59@example.com,GB,2023-01-20 06:03:04
60,Conor,BRIEN,conor.brien60@example.com,NL,2023-05-04 15:39:46
61,Sophia,McCarthy,sophia.mccarthy61@example.com,DE,2024-12-14 09:11:03
62,Conor,Murphy,conor.murphy62@example.com,GB,2024-05-27 15:54:37
63,Mia,Ryan,mia.ryan63@example.com,FR,2024-05-13 06:05:10
64,Aoife,Kelly,aoife.kelly64@example.com,US,2024-11-12 05:10:51
65,Noah,Reilly,noah.reilly65@example.com,US,2023-12-04 12:51:20
66,CHLOE,Kelly,chloe.kelly66@example.com,FR,2023-10-27 04:33:47
67,Ryan,Lynch,ryan.lynch67@example.com,ES,2024-07-12 19:08:49
68,Isla,Reilly,isla.reilly68@example.com,ES,2023-09-01 19:48:42
69,Sean,Lynch,sean.lynch69@example.com,US,2023-11-14 04:59:44
70,Daniel,Lynch,daniel.lynch70@example.com,ES,2023-10-22 11:46:48
71,Grace,Nolan,grace.nolan71@example.com,IE,2024-10-09 13:45:49
72,Luke,Lynch,luke.lynch72@example.com,DE,2023-09-08 07:09:39
73,James,Lynch,james.lynch73@example.com,US,2023-03-07 20:42:12
74,Conor,lynch,conor.lynch74@example.com,GB,2023-08-30 02:38:17
75,Luke,McCarthy,luke.mccarthy75@example.com,IE,2024-08-19 21:40:46
76,Grace,Doyle,grace.doyle76@example.com,GB,2023-11-07 10:04:09
77,Noah,Moore,noah.moore77@example.com,GB,2023-11-27 05:17:58
78,Liam,Nolan,liam.nolan78@example.com,NL,2023-07-13 13:23:33
79,Chloe,Nolan,chloe.nolan79@example.com,US,2024-04-07 12:02:08
80,Chloe,Byrne,chloe.byrne80@example.com,FR,2024-10-07 02:55:53
81,Ella,Brien,ella.brien81@example.com,GB,2024-08-06 22:08:06
82,Adam,Lynch,adam.lynch82@example.com,US,2023-07-05 19:51:58
83,Isla,Ryan,isla.ryan83@example.com,FR,2024-11-24 15:13:36
84,Olivia,Quinn,olivia.quinn84@example.com,IE,2023-06-16 04:22:14
85,Liam,Walsh,liam.walsh85@example.com,DE,2024-10-08 22:13:00
86,Aoife,McCarthy,aoife.mccarthy86@example.com,NL,2024-11-15 00:37:48
87,Sean,Moore,sean.moore87@example.com,NL,2023-10-30 21:52:40
88,Ryan,Moore,ryan.moore88@example.com,GB,2024-04-13 13:26:35
89,Grace,Ryan,grace.ryan89@example.com,ES,2024-06-03 12:42:28
90,Olivia,Reilly,olivia.reilly90@example.com,IE,2024-02-19 20:47:10
91,Emma,Lynch,emma.lynch91@example.com,GB,2023-11-29 21:55:16
92,Isla,Walsh,isla.walsh92@example.com,US,2023-12-20 04:12:35
93,Daniel,Brien,daniel.brien93@example.com,IE,2024-10-10 11:52:03
94,Jack,Walsh,jack.walsh94@example.com,IE,2024-05-19 23:33:51
95,Conor,Walsh,conor.walsh95@example.com,IE,2024-10-13 20:21:34
96,Noah,Reilly,noah.reilly96@example.com,DE,2023-06-19 07:09:12
97,Luke,Quinn,luke.quinn97@example.com,IE,2024-07-11 23:08:57
98,Hannah,Murphy,hannah.murphy98@example.com,US,2024-12-22 11:42:42
99,Sophia,Kelly,sophia.kelly99@example.com,ES,2024-04-04 21:30:14
100,Sean,McCarthy,sean.mccarthy100@example.com,FR,2024-06-15 11:30:46
101,Liam,Ryan,liam.ryan101@example.com,DE,2024-02-18 19:05:28
102,Aoife,McCarthy,aoife.mccarthy102@example.com,NL,2023-11-23 06:27:44
103,Ella,Quinn,ella.quinn103@example.com,DE,2023-04-29 19:57:42
104,Luke,Moore,luke.moore104@example.com,FR,2024-12-15 06:54:56
105,Hannah,Brien,hannah.brien105@example.com,NL,2023-09-08 08:11:34
106,Ella,Walsh,ella.walsh106@example.com,DE,2024-08-05 21:53:30
107,Adam,McCarthy,adam.mccarthy107@example.com,GB,2023-09-10 10:42:11
108,Mia,Reilly,mia.reilly108@example.com,US,2024-06-28 15:00:44
109,Conor,Quinn,conor.quinn109@example.com,DE,2023-11-12 16:22:09
110,Adam,Doyle,adam.doyle110@example.com,IE,2024-09-07 21:20:24
111,Sean,Lynch,sean.lynch111@example.com,US,2024-03-27 16:58:54
112,Ryan,Ryan,ryan.ryan112@example.com,ES,2023-10-01 06:13:24
113,Sophia,Ryan,sophia.ryan113@example.com,ES,2023-04-03 20:39:42
114,Sophia,Quinn,sophia.quinn114@example.com,US,2024-01-12 02:06:57
115,Sean,Kelly,sean.kelly115@example.com,GB,2024-10-08 17:19:03
116,Ryan,Smith,ryan.smith116@example.com,IE,2023-08-02 01:32:01
117,Olivia,Lynch,olivia.lynch117@example.com,NL,2024-11-05 13:17:24
118,Adam,Doyle,adam.doyle118@example.com,US,2023-12-09 02:56:00
119,Adam,Kelly,adam.kelly119@example.com,IE,2024-09-30 13:20:47
120,Liam,Smith,liam.smith120@example.com,NL,2023-04-26 21:14:40
121,Noah,Nolan,noah.nolan121@example.com,DE,2024-08-16 18:15:31
122,Chloe,Byrne,chloe.byrne122@example.com,DE,2023-12-16 22:11:53
123,Hannah,Reilly,hannah.reilly123@example.com,FR,2023-02-16 18:46:27
124,Sophia,Brien,sophia.brien124@example.com,IE,2024-05-27 23:16:22
125,Aoife,Byrne,aoife.byrne125@example.com,ES,2023-12-16 21:59:51
126,Sean,Quinn,sean.quinn126@example.com,DE,2024-10-29 16:13:51
127,Hannah,Lynch,hannah.lynch127@example.com,GB,2024-09-16 09:53:16
128,Mia,McCarthy,mia.mccarthy128@example.com,IE,2023-04-21 11:28:35
129,Hannah,Brien,hannah.brien129@example.com,IE,2023-12-08 02:24:49
130,Mia,Nolan,mia.nolan130@example.com,DE,2024-02-24 09:59:09
131,Isla,Reilly,isla.reilly131@example.com,IE,2023-07-14 11:11:45
132,Hannah,reilly,hannah.reilly132@example.com,NL,2023-01-17 02:43:23
133,Adam,Nolan,adam.nolan133@example.com,DE,2024-05-21 01:01:01
134,Adam,Kelly,adam.kelly134@example.com,US,2024-01-01 01:37:43
135,James,Ryan,james.ryan135@example.com,ES,2023-11-16 17:37:14
136,Ryan,Murphy,ryan.murphy136@example.com,IE,2023-12-20 06:34:10
137,Grace,McCarthy,grace.mccarthy137@example.com,NL,2024-02-04 16:46:09
138,Daniel,Murphy,daniel.murphy138@example.com,FR,2023-05-26 16:47:31
139,Liam,Walsh,liam.walsh139@example.com,FR,2023-07-27 10:17:20
140,Adam,Kelly,adam.kelly140@example.com,ES,2023-01-23 10:09:55
141,Ryan,Murphy,ryan.murphy141@example.com,DE,2024-03-04 22:42:44
142,Ella,Kelly,ella.kelly142@example.com,NL,2024-05-18 02:11:01
143,Mia,Byrne,mia.byrne143@example.com,DE,2024-10-10 08:22:55
144,Grace,Walsh,grace.walsh144@example.com,FR,2024-12-17 00:52:04
145,Mia,Moore,mia.moore145@example.com,NL,2024-09-05 14:46:57
146,Aoife,Brien,aoife.brien146@example.com,US,2024-07-17 22:34:16
147,Olivia,Doyle,olivia.doyle147@example.com,DE,2024-02-23 07:52:10
148,Ella,Ryan,ella.ryan148@example.com,GB,2024-11-06 10:33:01
149,Daniel,Murphy,daniel.murphy149@example.com,ES,2023-09-05 03:14:11
150,Olivia,Doyle,olivia.doyle150@example.com,GB,2023-01-29 18:05:44
151,Ella,Kelly,,DE,2024-02-13 12:26:19
152,Olivia,Kelly,olivia.kelly152@example.com,NL,2023-12-31 15:56:20
153,Emma,McCarthy,emma.mccarthy153@example.com,NL,2023-09-13 04:54:23
154,Adam,McCarthy,adam.mccarthy154@example.com,IE,2024-02-25 05:16:10
155,Sean,Walsh,sean.walsh155@example.com,IE,2024-08-03 00:44:02
156,  Noah ,Doyle,noah.doyle156@example.com,ES,2023-05-10 05:15:51
157,Jack,Ryan,jack.ryan157@example.com,GB,2023-12-01 12:35:01
158,James,Smith,james.smith158@example.com,IE,2023-05-16 23:31:45
159,Adam,Reilly,adam.reilly159@example.com,GB,2023-04-22 03:54:27
160,Aoife,Moore,aoife.moore160@example.com,US,2023-12-28 08:56:57
161,Jack,Reilly,jack.reilly161@example.com,ES,2023-08-21 08:38:21
162,Sean,Walsh,sean.walsh162@example.com,NL,2023-10-26 19:12:06
163,Hannah,Brien,hannah.brien163@example.com,US,2024-06-27 03:30:24
164,Aoife,Reilly,aoife.reilly164@example.com,ES,2024-11-02 22:01:30
165,Adam,McCarthy,adam.mccarthy165@example.com,US,2024-12-03 06:40:34
166,Conor,Lynch,conor.lynch166@example.com,FR,2023-05-28 16:19:01
167,Olivia,Lynch,olivia.lynch167@example.com,ES,2023-03-17 11:16:00
168,Hannah,Ryan,hannah.ryan168@example.com,GB,2024-07-22 20:10:32
169,James,Walsh,james.walsh169@example.com,NL,2023-04-13 15:38:13
170,Mia,McCarthy,mia.mccarthy170@example.com,US,2023-05-08 19:19:49
171,Sean,Quinn,sean.quinn171@example.com,US,2024-11-07 01:22:31
172,Conor,McCarthy,conor.mccarthy172@example.com,ES,2024-06-09 07:35:16
173,Ryan,Ryan,ryan.ryan173@example.com,NL,2023-03-12 03:22:03
174,Jack,Lynch,jack.lynch174@example.com,ES,2024-08-04 18:35:17
175,Jack,Kelly,jack.kelly175@example.com,GB,2024-06-08 03:51:54
176,Isla,Reilly,isla.reilly176@example.com,ES,2023-06-21 22:35:01
177,Sean,Lynch,sean.lynch177@example.com,IE,2023-11-14 03:11:11
178,Adam,Kelly,adam.kelly178@example.com,GB,2023-03-17 11:47:24
179,Ryan,Byrne,ryan.byrne179@example.com,ES,2024-04-01 04:49:03
180,Adam,Reilly,adam.reilly180@example.com,US,2023-11-13 23:49:53
181,Conor,McCarthy,conor.mccarthy181@example.com,IE,2023-10-09 16:57:28
182,Jack,Murphy,jack.murphy182@example.com,US,2023-11-06 05:51:39
183,Ella,kelly,ella.kelly183@example.com,GB,2024-05-29 18:54:17
184,Conor,Smith,conor.smith184@example.com,FR,2024-09-03 06:20:06
185,Hannah,Walsh,hannah.walsh185@example.com,NL,2024-09-23 12:24:21
186,Luke,Murphy,luke.murphy186@example.com,NL,2023-08-04 08:46:39
187,james,Kelly,james.kelly187@example.com,NL,2024-05-28 11:00:27
188,Isla,Murphy,isla.murphy188@example.com,US,2023-05-16 08:11:04
189,Emma,Doyle,emma.doyle189@example.com,NL,2023-12-15 04:27:20
190,Conor,Reilly,conor.reilly190@example.com,ES,2023-02-03 16:22:58
191,Ella,Lynch,ella.lynch191@example.com,IE,2023-01-25 04:41:24
192,Noah,Doyle,noah.doyle192@example.com,DE,2024-07-07 08:07:22
193,Emma,Smith,emma.smith193@example.com,FR,2023-08-02 14:40:11
194,Luke,Nolan,luke.nolan194@example.com,DE,2023-08-18 01:17:32
195,Noah,McCarthy,noah.mccarthy195@example.com,ES,2024-05-23 12:44:02
196,Daniel,Doyle,daniel.doyle196@example.com,GB,2024-11-20 19:12:59
197,Noah,Ryan,noah.ryan197@example.com,US,2023-11-28 11:27:27
198,Adam,Kelly,adam.kelly198@example.com,NL,2023-03-12 20:33:11
199,Jack,Moore,jack.moore199@example.com,FR,2023-04-12 01:31:40
200,Noah,Byrne,noah.byrne200@example.com,NL,2023-10-02 15:32:45
201,Liam,Brien,liam.brien201@example.com,US,2024-04-11 08:27:19
202,Adam,Walsh,adam.walsh202@example.com,IE,2024-10-20 02:20:52
203,Mia,Reilly,mia.reilly203@example.com,NL,2023-06-25 15:54:39
204,Luke,Reilly,luke.reilly204@example.com,ES,2024-06-08 06:28:40
205,Mia,Murphy,mia.murphy205@example.com,US,2023-05-21 03:11:57
206,Aoife,Smith,aoife.smith206@example.com,GB,2024-11-06 15:24:58
207,Aoife,Kelly,aoife.kelly207@example.com,FR,2024-08-02 12:31:52
208,Jack,Brien,jack.brien208@example.com,US,2024-07-14 11:31:25
209,Liam,Smith,liam.smith209@example.com,NL,2023-05-03 06:19:59
210,Daniel,Doyle,daniel.doyle210@example.com,DE,2024-04-16 12:43:01
211,Jack,Byrne,jack.byrne211@example.com,US,2023-03-28 03:08:06
212,Sean,Murphy,sean.murphy212@example.com,DE,2023-06-21 06:45:41
213,Sophia,moore,sophia.moore213@example.com,NL,2023-04-17 14:14:31
214,James,Smith,james.smith214@example.com,FR,2023-10-23 07:34:49
215,Jack,Kelly,jack.kelly215@example.com,NL,2023-11-05 09:56:35
216,Emma,McCarthy,emma.mccarthy216@example.com,FR,2023-09-01 03:52:23
217,Sean,Kelly,sean.kelly217@example.com,IE,2023-11-11 14:20:58
218,Ella,McCarthy,ella.mccarthy218@example.com,US,2024-06-19 15:15:46
219,Hannah,Byrne,hannah.byrne219@example.com,IE,2024-02-11 23:22:11
220,Isla,Moore,isla.moore220@example.com,IE,2023-05-11 14:13:15
221,Jack,Ryan,jack.ryan221@example.com,NL,2024-07-18 23:19:45
222,Mia,Walsh,mia.walsh222@example.com,FR,2023-05-15 18:15:22
223,Adam,Doyle,adam.doyle223@example.com,FR,2024-08-08 23:53:22
224,Hannah,Lynch,hannah.lynch224@example.com,FR,2024-05-08 10:49:08
225,Ella,Kelly,ella.kelly225@example.com,DE,2023-12-31 05:19:21
226,JACK,Nolan,jack.nolan226@example.com,US,2023-02-27 15:00:50
227,Emma,Reilly,emma.reilly227@example.com,FR,2024-04-06 10:27:01
228,Liam,Doyle,liam.doyle228@example.com,NL,2024-12-07 01:55:09
229,Chloe,Smith,chloe.smith229@example.com,DE,2023-02-18 01:24:33
230,Emma,Nolan,emma.nolan230@example.com,GB,2024-05-16 20:40:55
231,Chloe,Nolan,chloe.nolan231@example.com,GB,2024-04-18 15:35:48
232,Isla,Lynch,isla.lynch232@example.com,IE,2024-04-09 09:24:01
233,Noah,Nolan,noah.nolan233@example.com,DE,2024-06-10 21:54:27
234,Luke,McCarthy,luke.mccarthy234@example.com,US,2023-04-27 19:09:43
235,Sean,Lynch,sean.lynch235@example.com,ES,2024-06-26 12:36:36
236,Sean,Nolan,sean.nolan236@example.com,ES,2023-10-20 13:48:40
237,Chloe,Kelly,chloe.kelly237@example.com,ES,2024-05-16 18:46:31
238,James,Walsh,james.walsh238@example.com,NL,2023-09-23 10:21:09
239,Emma,Brien,emma.brien239@example.com,NL,2024-10-17 21:17:09
240,Chloe,Murphy,chloe.murphy240@example.com,US,2024-05-29 03:15:19
241,Olivia,Smith,olivia.smith241@example.com,NL,2023-05-21 11:12:47
242,Ella,Murphy,ella.murphy242@example.com,US,2023-11-16 02:57:34
243,Sean,Moore,sean.moore243@example.com,NL,2024-08-04 09:43:55
244,Adam,McCarthy,adam.mccarthy244@example.com,US,2023-05-31 16:43:25
245,Sean,Moore,sean.moore245@example.com,FR,2023-10-24 14:37:05
246,Luke,Smith,luke.smith246@example.com,US,2024-11-09 01:56:07
247,Noah,Quinn,noah.quinn247@example.com,FR,2024-10-19 00:34:29
248,Mia,Doyle,mia.doyle248@example.com,FR,2024-12-04 04:07:51
249,Conor,McCarthy,conor.mccarthy249@example.com,US,2023-12-17 09:38:06
250,jack,Walsh,jack.walsh250@example.com,IE,2023-10-27 22:39:29
251,Isla,Moore,isla.moore251@example.com,GB,2023-04-24 10:33:23
252,  Olivia ,Moore,olivia.moore252@example.com,DE,2024-07-02 00:08:51
253,Olivia,Nolan,olivia.nolan253@example.com,FR,2024-07-18 20:38:20
254,Sean,Kelly,sean.kelly254@example.com,GB,2023-02-07 02:06:51
255,NOAH,McCarthy,noah.mccarthy255@example.com,DE,2024-12-04 01:09:39
256,Olivia,Brien,olivia.brien256@example.com,IE,2023-11-30 09:35:34
257,Emma,Nolan,emma.nolan257@example.com,IE,2023-10-08 02:08:28
258,CHLOE,Nolan,chloe.nolan258@example.com,DE,2023-01-16 19:03:32
259,Aoife,Ryan,aoife.ryan259@example.com,IE,2024-09-04 11:04:42
260,Hannah,Quinn,hannah.quinn260@example.com,US,2024-08-10 17:31:03
261,James,McCarthy,james.mccarthy261@example.com,ES,2024-08-28 04:16:14
262,  Olivia ,Kelly,olivia.kelly262@example.com,NL,2024-07-10 04:02:50
263,Liam,Ryan,liam.ryan263@example.com,US,2024-12-25 23:17:46
264,Mia,Murphy,mia.murphy264@example.com,ES,2024-08-08 02:21:37
265,Isla,Brien,isla.brien265@example.com,NL,2023-04-07 16:22:56
266,Grace,Ryan,grace.ryan266@example.com,DE,2023-05-26 02:31:31
267,Mia,Moore,mia.moore267@example.com,ES,2023-03-06 03:59:24
268,James,Nolan,james.nolan268@example.com,US,2023-08-17 04:12:10
269,Ella,Reilly,ella.reilly269@example.com,DE,2024-07-11 10:12:22
270,Jack,Reilly,jack.reilly270@example.com,US,2023-12-04 19:52:43
271,Grace,ryan,grace.ryan271@example.com,NL,2024-02-03 12:36:59
272,Ella,Murphy,ella.murphy272@example.com,IE,2023-04-09 01:05:53
273,Hannah,Murphy,hannah.murphy273@example.com,GB,2024-04-14 23:47:06
274,Emma,Reilly,emma.reilly274@example.com,FR,2023-04-17 22:49:22
275,Noah,Murphy,noah.murphy275@example.com,GB,2024-07-25 09:58:24
276,Mia,Moore,mia.moore276@example.com,ES,2023-07-22 04:09:10
277,Adam,Walsh,adam.walsh277@example.com,GB,2023-04-06 06:07:38
278,Ella,Kelly,ella.kelly278@example.com,ES,2024-09-21 13:03:41
279,Emma,Nolan,emma.nolan279@example.com,US,2024-02-26 02:48:24
280,James,Moore,james.moore280@example.com,FR,2023-10-08 18:42:09
281,Conor,Moore,conor.moore281@example.com,IE,2024-01-19 17:14:11
282,Ryan,Smith,ryan.smith282@example.com,IE,2024-04-20 07:32:39
283,Adam,Nolan,adam.nolan283@example.com,NL,2023-11-16 01:46:33
284,Isla,Lynch,isla.lynch284@example.com,DE,2023-02-27 14:32:10
285,Ryan,Lynch,ryan.lynch285@example.com,GB,2024-04-01 13:07:30
286,Liam,McCarthy,liam.mccarthy286@example.com,FR,2023-04-07 10:31:51
287,Conor,Ryan,conor.ryan287@example.com,US,2024-02-08 00:57:21
288,Ryan,Brien,ryan.brien288@example.com,ES,2023-04-08 05:20:36
289,James,Reilly,james.reilly289@example.com,GB,2024-03-27 00:02:07
290,Isla,McCarthy,isla.mccarthy290@example.com,FR,2024-12-18 15:17:54
291,Hannah,Brien,hannah.brien291@example.com,GB,2024-05-20 17:56:33
292,Adam,Lynch,adam.lynch292@example.com,US,2024-02-28 18:18:05
293,Grace,Brien,grace.brien293@example.com,IE,2023-12-19 06:40:31
294,Ella,Walsh,ella.walsh294@example.com,FR,2023-09-22 05:38:56
295,Jack,Byrne,jack.byrne295@example.com,NL,2023-04-12 13:39:27
296,Ella,Kelly,ella.kelly296@example.com,DE,2023-07-27 18:02:00
297,Grace,McCarthy,grace.mccarthy297@example.com,DE,2024-04-22 23:28:01
298,Isla,Reilly,isla.reilly298@example.com,US,2024-07-14 02:48:29
299,Ella,Doyle,ella.doyle299@example.com,US,2024-11-13 19:09:29
300,Ella,Walsh,ella.walsh300@example.com,FR,2023-06-17 02:34:57
301,Adam,Brien,adam.brien301@example.com,IE,2024-02-21 20:38:26
302,Jack,Moore,jack.moore302@example.com,US,2023-11-10 05:12:02
303,Jack,Nolan,jack.nolan303@example.com,IE,2023-08-13 03:55:32
304,Luke,Lynch,luke.lynch304@example.com,IE,2024-04-19 14:40:11
305,Isla,Nolan,isla.nolan305@example.com,US,2024-12-30 07:16:11
306,Chloe,Murphy,chloe.murphy306@example.com,IE,2023-02-05 04:30:56
307,Ella,Smith,ella.smith307@example.com,FR,2024-04-15 21:30:54
308,Grace,Reilly,grace.reilly308@example.com,NL,2024-07-28 05:54:42
309,Ryan,Doyle,ryan.doyle309@example.com,FR,2024-07-04 11:52:03
310,Noah,Byrne,noah.byrne310@example.com,US,2024-03-29 08:59:47
311,Aoife,Reilly,aoife.reilly311@example.com,US,2024-01-04 15:00:10
312,Hannah,Walsh,hannah.walsh312@example.com,IE,2024-07-14 07:52:22
313,Luke,moore,luke.moore313@example.com,DE,2024-10-15 08:29:30
314,Noah,Walsh,noah.walsh314@example.com,DE,2023-01-15 17:01:05
315,Daniel,Nolan,daniel.nolan315@example.com,FR,2024-08-24 22:31:50
316,Liam,Quinn,liam.quinn316@example.com,FR,2023-04-18 06:02:38
317,Chloe,Byrne,chloe.byrne317@example.com,GB,2023-09-01 16:46:20
318,Mia,Reilly,mia.reilly318@example.com,GB,2024-01-12 01:46:16
319,Sean,Moore,sean.moore319@example.com,ES,2023-08-13 11:25:39
320,Jack,Nolan,jack.nolan320@example.com,NL,2024-12-26 05:26:11
321,Ryan,Byrne,ryan.byrne321@example.com,DE,2024-11-26 18:11:06
322,Sean,Murphy,sean.murphy322@example.com,ES,2023-08-12 09:49:05
323,Adam,Walsh,adam.walsh323@example.com,NL,2023-06-06 22:49:14
324,Olivia,Kelly,olivia.kelly324@example.com,ES,2024-04-23 05:03:06
325,Chloe,Walsh,chloe.walsh325@example.com,GB,2024-05-10 12:08:55
326,Noah,Lynch,,GB,2024-08-21 16:07:14
327,Daniel,Lynch,daniel.lynch327@example.com,DE,2024-12-27 06:15:41
328,Isla,Brien,isla.brien328@example.com,IE,2024-05-16 16:24:35
329,Ryan,Quinn,ryan.quinn329@example.com,NL,2024-07-15 15:53:25
330,James,Murphy,james.murphy330@example.com,DE,2024-10-11 11:57:26
331,Sean,Murphy,sean.murphy331@example.com,US,2023-01-08 04:45:09
332,Sean,Doyle,sean.doyle332@example.com,FR,2024-05-13 02:55:47
333,Chloe,Doyle,chloe.doyle333@example.com,GB,2023-07-31 22:03:06
334,Mia,Quinn,mia.quinn334@example.com,IE,2023-05-25 15:00:08
335,Sophia,Smith,sophia.smith335@example.com,NL,2024-04-19 13:01:02
336,Isla,Kelly,isla.kelly336@example.com,ES,2023-11-08 08:04:23
337,Conor,Murphy,conor.murphy337@example.com,DE,2023-07-22 13:23:23
338,Sean,Reilly,,FR,2024-07-15 11:30:25
339,Liam,Lynch,liam.lynch339@example.com,DE,2023-04-02 19:52:15
340,Sean,Quinn,sean.quinn340@example.com,ES,2023-04-02 04:47:17
341,Conor,Smith,conor.smith341@example.com,GB,2024-01-07 09:57:24
342,Ryan,Doyle,ryan.doyle342@example.com,FR,2024-08-11 06:02:13
343,Luke,McCarthy,luke.mccarthy343@example.com,IE,2024-09-03 13:39:12
344,Hannah,Kelly,hannah.kelly344@example.com,NL,2023-02-17 23:15:12
345,Olivia,Smith,olivia.smith345@example.com,NL,2023-09-12 20:33:21
346,Hannah,Doyle,hannah.doyle346@example.com,FR,2023-03-12 15:16:30
347,Daniel,Doyle,daniel.doyle347@example.com,IE,2024-03-14 00:03:59
348,Aoife,Byrne,,NL,2023-07-17 15:25:34
349,Daniel,Ryan,daniel.ryan349@example.com,IE,2024-06-28 00:07:13
350,Adam,Murphy,adam.murphy350@example.com,DE,2023-08-11 23:45:31
351,Daniel,Ryan,daniel.ryan351@example.com,DE,2024-11-23 07:39:45
352,Emma,Lynch,emma.lynch352@example.com,NL,2024-05-29 00:42:25
353,James,Nolan,james.nolan353@example.com,FR,2023-11-02 07:08:38
354,Aoife,Brien,aoife.brien354@example.com,ES,2023-12-26 15:01:05
355,Conor,Walsh,conor.walsh355@example.com,US,2023-12-24 18:40:39
356,Noah,Murphy,noah.murphy356@example.com,ES,2024-09-20 17:46:01
357,AOIFE,Walsh,aoife.walsh357@example.com,IE,2023-06-10 01:38:23
358,Liam,Walsh,liam.walsh358@example.com,IE,2024-07-29 04:41:10
359,Liam,Smith,liam.smith359@example.com,US,2024-01-27 09:17:57
360,Hannah,Reilly,hannah.reilly360@example.com,ES,2024-08-23 01:09:21
361,Chloe,Walsh,chloe.walsh361@example.com,US,2023-11-18 05:19:15
362,JAMES,Lynch,james.lynch362@example.com,DE,2024-06-11 04:49:09
363,Grace,Moore,grace.moore363@example.com,US,2024-02-12 08:42:00
364,James,Moore,james.moore364@example.com,DE,2024-02-22 19:42:34
365,Olivia,Moore,olivia.moore365@example.com,IE,2023-12-26 15:24:52
366,Olivia,Byrne,olivia.byrne366@example.com,US,2023-07-08 15:12:39
367,Jack,Kelly,jack.kelly367@example.com,ES,2024-02-21 00:58:12
368,Luke,Reilly,luke.reilly368@example.com,NL,2023-01-31 17:13:11
369,Ryan,Walsh,ryan.walsh369@example.com,GB,2024-01-08 08:33:20
370,Aoife,Walsh,aoife.walsh370@example.com,GB,2024-12-28 21:55:27
371,Adam,Walsh,adam.walsh371@example.com,FR,2024-06-24 07:24:49
372,Isla,Moore,isla.moore372@example.com,DE,2023-08-08 20:36:21
373,Jack,Nolan,jack.nolan373@example.com,DE,2024-11-16 16:48:27
374,Isla,Walsh,isla.walsh374@example.com,US,2023-10-15 22:26:26
375,Olivia,Murphy,olivia.murphy375@example.com,FR,2023-07-22 13:10:54
376,Olivia,Walsh,olivia.walsh376@example.com,GB,2023-09-14 05:08:04
377,Isla,Brien,isla.brien377@example.com,NL,2024-08-15 22:04:24
378,Ella,Smith,ella.smith378@example.com,NL,2024-07-23 03:51:52
379,James,Nolan,james.nolan379@example.com,IE,2024-05-13 12:11:43
380,Liam,Moore,liam.moore380@example.com,DE,2023-01-05 23:00:11
381,Olivia,Murphy,olivia.murphy381@example.com,FR,2023-06-19 21:13:48
382,Luke,Doyle,,DE,2024-05-27 01:57:03
383,Aoife,Nolan,aoife.nolan383@example.com,US,2024-07-14 22:38:53
384,Daniel,Moore,daniel.moore384@example.com,GB,2024-12-30 21:29:58
385,Sophia,Reilly,sophia.reilly385@example.com,US,2024-02-13 21:51:03
386,Jack,Byrne,jack.byrne386@example.com,FR,2023-12-23 12:20:17
387,Emma,Lynch,emma.lynch387@example.com,ES,2024-10-28 14:21:52
388,Ryan,Doyle,,ES,2023-02-13 14:03:29
389,Daniel,Lynch,daniel.lynch389@example.com,US,2024-09-01 05:50:03
390,Chloe,Murphy,chloe.murphy390@example.com,GB,2023-06-28 11:09:28
391,Mia,Murphy,mia.murphy391@example.com,IE,2024-12-18 19:34:38
392,Liam,Smith,liam.smith392@example.com,NL,2024-12-22 09:27:35
393,Grace,Kelly,grace.kelly393@example.com,GB,2023-08-21 10:55:32
394,Ryan,Ryan,ryan.ryan394@example.com,NL,2023-10-26 03:24:43
395,Emma,Nolan,emma.nolan395@example.com,US,2024-08-02 00:19:02
396,Isla,Reilly,isla.reilly396@example.com,FR,2024-08-20 07:18:15
397,Aoife,Lynch,aoife.lynch397@example.com,NL,2023-08-01 07:11:06
398,Grace,Byrne,grace.byrne398@example.com,ES,2023-05-25 06:24:15
399,Sean,Moore,sean.moore399@example.com,ES,2023-07-11 10:09:24
400,Olivia,Quinn,olivia.quinn400@example.com,US,2023-10-30 15:04:48
401,Ella,Ryan,ella.ryan401@example.com,US,2024-08-14 08:31:38
402,Ryan,Nolan,ryan.nolan402@example.com,DE,2024-02-03 00:35:23
403,LUKE,Reilly,luke.reilly403@example.com,US,2024-09-01 06:59:51
404,Ryan,Walsh,ryan.walsh404@example.com,FR,2024-03-20 06:06:54
405,Sean,Brien,sean.brien405@example.com,GB,2024-01-19 00:29:47
406,Adam,Moore,adam.moore406@example.com,US,2023-03-01 17:55:05
407,Luke,Reilly,luke.reilly407@example.com,DE,2023-06-01 21:16:59
408,Isla,McCarthy,isla.mccarthy408@example.com,DE,2024-04-26 17:13:13
409,Luke,Smith,luke.smith409@example.com,US,2023-08-22 08:31:10
410,James,Byrne,james.byrne410@example.com,US,2023-09-05 21:09:26
411,Conor,Ryan,conor.ryan411@example.com,US,2023-10-20 02:10:44
412,Hannah,walsh,hannah.walsh412@example.com,FR,2024-04-04 23:54:43
413,Sophia,Doyle,sophia.doyle413@example.com,US,2024-09-11 13:56:09
414,Daniel,Lynch,daniel.lynch414@example.com,GB,2024-01-23 19:41:11
415,Daniel,Moore,daniel.moore415@example.com,IE,2023-10-20 19:37:05
416,Ryan,Nolan,ryan.nolan416@example.com,NL,2024-12-18 07:12:30
417,Jack,Quinn,jack.quinn417@example.com,NL,2024-11-26 13:21:29
418,Conor,Lynch,conor.lynch418@example.com,US,2024-05-31 06:47:31
419,  Grace ,Moore,grace.moore419@example.com,NL,2023-09-15 13:24:37
420,Chloe,Nolan,chloe.nolan420@example.com,ES,2024-03-26 21:38:43
421,  Hannah ,Quinn,hannah.quinn421@example.com,GB,2024-01-24 17:21:30
422,Emma,Kelly,emma.kelly422@example.com,ES,2024-10-07 16:53:09
423,Sophia,Nolan,sophia.nolan423@example.com,US,2024-01-11 02:23:35
424,Isla,Kelly,isla.kelly424@example.com,IE,2023-08-22 05:19:41
425,Noah,Lynch,noah.lynch425@example.com,GB,2024-09-13 10:00:55
426,Ryan,Smith,ryan.smith426@example.com,FR,2023-09-15 02:05:39
427,JAMES,Smith,james.smith427@example.com,ES,2024-05-12 11:23:29
428,Hannah,Byrne,hannah.byrne428@example.com,IE,2023-10-30 00:25:27
429,Emma,Reilly,emma.reilly429@example.com,NL,2023-03-21 00:47:44
430,Ella,Kelly,ella.kelly430@example.com,ES,2023-07-23 18:37:18
431,Luke,Byrne,luke.byrne431@example.com,DE,2024-04-19 19:36:53
432,Luke,Smith,luke.smith432@example.com,ES,2024-09-24 01:10:49
433,Emma,Lynch,emma.lynch433@example.com,US,2023-04-15 00:58:02
434,Olivia,Nolan,olivia.nolan434@example.com,DE,2023-10-29 17:28:48
435,Adam,Lynch,adam.lynch435@example.com,ES,2024-02-22 09:28:32
436,James,Doyle,james.doyle436@example.com,GB,2023-08-13 08:16:13
437,Jack,Murphy,jack.murphy437@example.com,GB,2024-01-12 09:45:54
438,Adam,Byrne,adam.byrne438@example.com,DE,2024-06-15 19:40:15
439,Emma,Reilly,emma.reilly439@example.com,NL,2023-01-24 23:17:06
440,Ryan,Brien,ryan.brien440@example.com,NL,2023-05-11 15:38:33
441,Ryan,Nolan,ryan.nolan441@example.com,FR,2023-03-29 22:24:21
442,Jack,Nolan,jack.nolan442@example.com,NL,2024-09-30 22:34:44
443,Daniel,Kelly,daniel.kelly443@example.com,NL,2024-07-25 15:49:25
444,Liam,Doyle,liam.doyle444@example.com,US,2023-07-24 03:13:51
445,Noah,Moore,noah.moore445@example.com,GB,2024-09-22 14:42:22
446,Luke,Lynch,luke.lynch446@example.com,GB,2023-11-29 13:36:45
447,Liam,Reilly,liam.reilly447@example.com,FR,2023-09-30 11:40:28
448,Sean,Brien,sean.brien448@example.com,US,2024-03-20 20:33:54
449,Noah,Smith,noah.smith449@example.com,NL,2024-08-05 14:46:05
450,Olivia,Quinn,olivia.quinn450@example.com,GB,2024-11-03 16:52:44
451,Grace,Doyle,grace.doyle451@example.com,FR,2023-04-21 10:16:16
452,Emma,Lynch,emma.lynch452@example.com,NL,2024-09-09 04:23:31
453,Jack,Doyle,jack.doyle453@example.com,US,2024-01-15 01:48:30
454,Emma,Quinn,emma.quinn454@example.com,ES,2023-12-23 02:06:48
455,Ryan,Byrne,ryan.byrne455@example.com,DE,2023-06-19 04:38:39
456,Sean,Ryan,sean.ryan456@example.com,FR,2024-03-01 02:36:28
457,Liam,Murphy,liam.murphy457@example.com,ES,2023-03-19 08:12:27
458,James,Doyle,james.doyle458@example.com,IE,2023-12-21 14:06:53
459,Olivia,Lynch,olivia.lynch459@example.com,GB,2023-08-23 11:10:51
460,Jack,Brien,jack.brien460@example.com,US,2023-03-06 00:25:48
461,Sean,Quinn,sean.quinn461@example.com,NL,2024-06-27 06:31:55
462,Aoife,Walsh,aoife.walsh462@example.com,IE,2024-01-06 08:19:16
463,Aoife,Murphy,aoife.murphy463@example.com,US,2024-06-24 06:52:11
464,Olivia,Doyle,olivia.doyle464@example.com,GB,2023-02-25 00:20:07
465,Isla,Ryan,isla.ryan465@example.com,US,2024-11-15 06:49:30
466,Olivia,Lynch,olivia.lynch466@example.com,GB,2024-06-09 22:45:00
467,James,Doyle,james.doyle467@example.com,ES,2023-09-30 18:36:48
468,Luke,Lynch,luke.lynch468@example.com,NL,2023-12-10 14:37:58
469,Noah,Reilly,noah.reilly469@example.com,DE,2024-07-21 00:21:24
470,Conor,Brien,conor.brien470@example.com,IE,2024-05-15 16:35:54
471,Sean,Moore,sean.moore471@example.com,IE,2024-06-20 07:24:25
472,Chloe,Reilly,chloe.reilly472@example.com,GB,2024-01-31 18:11:20
473,Conor,Doyle,conor.doyle473@example.com,IE,2023-10-27 17:25:42
474,Aoife,Ryan,aoife.ryan474@example.com,US,2024-12-26 09:36:45
475,Jack,Nolan,jack.nolan475@example.com,GB,2024-06-14 10:57:45
476,  Aoife ,Reilly,aoife.reilly476@example.com,IE,2023-02-22 10:53:54
477,Chloe,Brien,chloe.brien477@example.com,ES,2024-05-03 05:24:25
478,Emma,Lynch,emma.lynch478@example.com,FR,2024-02-21 18:17:35
479,Chloe,Walsh,chloe.walsh479@example.com,GB,2024-09-19 15:19:54
480,Emma,Brien,emma.brien480@example.com,DE,2024-06-26 16:15:44
481,Emma,Byrne,emma.byrne481@example.com,DE,2023-04-01 02:08:47
482,JAMES,Kelly,james.kelly482@example.com,ES,2023-01-10 20:05:31
483,Chloe,Moore,chloe.moore483@example.com,ES,2024-09-30 20:38:21
484,mia,Quinn,mia.quinn484@example.com,IE,2024-11-19 11:58:07
485,Emma,Brien,emma.brien485@example.com,FR,2024-07-07 06:40:03
486,Liam,Doyle,liam.doyle486@example.com,FR,2024-10-29 11:37:38
487,Hannah,lynch,hannah.lynch487@example.com,IE,2024-07-15 09:33:55
488,Conor,Murphy,conor.murphy488@example.com,US,2024-01-02 10:19:45
489,Liam,Nolan,liam.nolan489@example.com,ES,2024-09-15 19:09:27
490,Daniel,Quinn,daniel.quinn490@example.com,US,2023-09-06 12:01:23
491,LIAM,Smith,liam.smith491@example.com,NL,2023-06-23 08:28:15
492,Sean,  Moore ,sean.moore492@example.com,US,2024-10-18 05:04:49
493,Hannah,Moore,hannah.moore493@example.com,ES,2023-08-25 01:16:48
494,Adam,Moore,adam.moore494@example.com,GB,2024-08-25 15:33:45
495,Olivia,Murphy,olivia.murphy495@example.com,DE,2024-12-25 05:08:59
496,Aoife,Ryan,aoife.ryan496@example.com,NL,2023-01-02 03:15:15
497,Noah,Walsh,noah.walsh497@example.com,GB,2024-02-16 12:27:28
498,Olivia,Quinn,olivia.quinn498@example.com,IE,2023-08-06 08:19:16
499,Daniel,Quinn,daniel.quinn499@example.com,US,2024-11-26 14:46:58
500,Chloe,Smith,chloe.smith500@example.com,NL,2024-05-09 22:33:40
