product_id,sku,product_name,category,price,updated_at
1,ACC-0001,Accessories item 1,Accessories,115.81,2024-04-01 22:52:21
2,KID-0002,Kids item 2,Kids,111.35,2024-06-01 14:35:03
3,ACC-0003,Accessories item 3,Accessories,41.17,2024-06-24 20:00:32
4,MEN-0004,Menswear item 4,Menswear,113.4,2024-02-22 20:39:15
5,BEA-0005,Beauty item 5,Beauty,15.75,2024-02-11 00:48:05
6,HOM-0006,Home item 6,Home,39.74,2024-02-16 21:20:52
7,WOM-0007,Womenswear item 7,Womenswear,55.87,2024-06-28 22:42:11
8,MEN-0008,Menswear item 8,Menswear,13.58,2024-11-09 15:20:55
9,ACC-0009,Accessories item 9,Accessories,84.53,2024-01-16 15:54:03
10,KID-0010,Kids item 10,Kids,20.35,2024-10-03 04:28:02
11,KID-0011,Kids item 11,Kids,49.36,2024-01-20 00:15:10
12,KID-0012,KIDS ITEM 12,Kids,98.95,2024-03-08 12:33:53
13,HOM-0013,Home item 13,Home,68.05,2024-08-01 15:29:54
14,HOM-0014,Home item 14,Home,14.92,2024-11-04 06:50:35
15,MEN-0015,Menswear item 15,Menswear,10.22,2024-10-30 07:04:28
16,WOM-0016,Womenswear item 16,Womenswear,26.18,2024-06-04 13:41:35
17,ACC-0017,Accessories item 17,Accessories,112.7,2024-02-02 15:18:15
18,KID-0018,  Kids item 18 ,Kids,110.34,2024-01-30 02:55:52
19,ACC-0019,Accessories item 19,Accessories,54.88,2024-02-20 00:25:27
20,KID-0020,Kids item 20,Kids,17.34,2024-06-28 00:47:02
21,BEA-0021,Beauty item 21,Beauty,53.68,2024-10-08 08:11:05
22,MEN-0022,Menswear item 22,Menswear,47.78,2024-06-14 16:47:48
23,WOM-0023,Womenswear item 23,Womenswear,109.27,2024-04-16 19:00:57
24,WOM-0024,Womenswear item 24,Womenswear,7.05,2024-08-28 11:08:37
25,ACC-0025,Accessories item 25,Accessories,37.53,2024-06-09 00:02:44
26,HOM-0026,Home item 26,Home,10.13,2024-04-18 15:42:04
27,HOM-0027,Home item 27,Home,26.34,2024-12-09 13:33:32
28,WOM-0028,Womenswear item 28,Womenswear,76.8,2024-11-07 12:44:54
29,MEN-0029,Menswear item 29,Menswear,118.76,2024-10-30 15:58:59
30,HOM-0030,Home item 30,Home,66.71,2024-07-07 05:32:24
31,BEA-0031,Beauty item 31,Beauty,61.78,2024-05-30 19:58:33
32,MEN-0032,menswear item 32,Menswear,40.31,2024-03-26 01:24:58
33,KID-0033,Kids item 33,Kids,9.86,2024-07-02 04:25:01
34,BEA-0034,Beauty item 34,Beauty,119.95,2024-03-02 23:48:39
35,ACC-0035,Accessories item 35,Accessories,31.21,2024-07-26 06:20:50
36,ACC-0036,Accessories item 36,Accessories,9.54,2024-03-26 05:03:51
37,HOM-0037,Home item 37,Home,44.51,2024-11-21 22:07:05
38,WOM-0038,Womenswear item 38,Womenswear,23.6,2024-08-18 02:40:55
39,ACC-0039,Accessories item 39,Accessories,84.62,2024-12-20 22:54:39
40,ACC-0040,Accessories item 40,Accessories,84.97,2024-08-08 10:53:39
41,BEA-0041,Beauty item 41,Beauty,113.96,2024-11-20 22:34:47
42,HOM-0042,Home item 42,Home,66.43,2024-03-09 04:18:27
43,MEN-0043,Menswear item 43,Menswear,9.57,2024-08-21 15:54:13
44,BEA-0044,Beauty item 44,Beauty,58.92,2024-05-08 19:59:05
45,WOM-0045,Womenswear item 45,Womenswear,97.35,2024-05-12 08:06:16
46,KID-0046,Kids item 46,Kids,9.97,2024-02-27 08:46:32
47,WOM-0047,Womenswear item 47,Womenswear,93.6,2024-11-24 17:46:25
48,KID-0048,Kids item 48,Kids,115.39,2024-05-25 02:07:06
49,ACC-0049,Accessories item 49,Accessories,49.28,2024-02-09 05:41:17
50,KID-0050,Kids item 50,Kids,18.96,2024-03-02 04:02:33
51,HOM-0051,Home item 51,Home,95.65,2024-07-08 05:01:59
52,WOM-0052,Womenswear item 52,Womenswear,85.74,2024-08-06 06:00:29
53,BEA-0053,Beauty item 53,Beauty,95.08,2024-03-27 16:43:17
54,WOM-0054,Womenswear item 54,Womenswear,47.27,2024-10-12 01:19:44
55,WOM-0055,Womenswear item 55,Womenswear,23.79,2024-01-01 16:45:27
56,BEA-0056,Beauty item 56,Beauty,48.82,2024-10-26 08:39:35
57,MEN-0057,Menswear item 57,Menswear,24.3,2024-05-03 13:59:47
58,BEA-0058,Beauty item 58,Beauty,28.84,2024-08-07 15:18:37
59,HOM-0059,Home item 59,Home,19.46,2024-10-16 11:06:12
60,KID-0060,Kids item 60,Kids,117.94,2024-03-06 04:49:26
61,MEN-0061,Menswear item 61,Menswear,99.13,2024-09-17 05:04:53
62,KID-0062,Kids item 62,Kids,55.26,2024-04-12 23:57:32
63,ACC-0063,Accessories item 63,Accessories,10.93,2024-04-09 16:13:31
64,ACC-0064,Accessories item 64,Accessories,3.15,2024-05-29 21:11:40
65,HOM-0065,Home item 65,Home,116.38,2024-12-09 12:37:19
66,HOM-0066,Home item 66,Home,44.09,2024-05-25 18:29:34
67,HOM-0067,Home item 67,Home,95.28,2024-08-12 11:52:03
68,ACC-0068,Accessories item 68,Accessories,29.39,2024-06-24 06:18:13
69,MEN-0069,Menswear item 69,Menswear,37.5,2024-05-03 18:39:24
70,MEN-0070,Menswear item 70,Menswear,11.68,2024-03-07 01:29:43
71,WOM-0071,Womenswear item 71,Womenswear,88.64,2024-07-31 10:50:26
72,MEN-0072,Menswear item 72,Menswear,42.54,2024-08-26 07:35:00
73,ACC-0073,Accessories item 73,Accessories,6.63,2024-09-10 20:19:17
74,HOM-0074,Home item 74,Home,21.38,2024-02-09 07:47:28
75,WOM-0075,Womenswear item 75,Womenswear,50.89,2024-08-03 04:42:07
76,ACC-0076,Accessories item 76,Accessories,66.19,2024-09-13 13:13:07
77,WOM-0077,Womenswear item 77,Womenswear,14.22,2024-06-01 14:06:50
78,HOM-0078,  Home item 78 ,Home,20.97,2024-05-20 03:10:09
79,ACC-0079,Accessories item 79,Accessories,76.14,2024-07-05 12:59:06
80,MEN-0080,Menswear item 80,Menswear,27.21,2024-09-04 20:22:05
81,MEN-0081,Menswear item 81,Menswear,58.41,2024-02-14 20:37:16
82,HOM-0082,Home item 82,Home,58.1,2024-12-13 12:51:45
83,MEN-0083,Menswear item 83,Menswear,78.1,2024-05-30 12:00:52
84,HOM-0084,HOME ITEM 84,Home,46.22,2024-06-22 02:55:36
85,KID-0085,Kids item 85,Kids,29.47,2024-04-14 07:10:45
86,WOM-0086,Womenswear item 86,Womenswear,91.01,2024-09-16 05:15:25
87,ACC-0087,Accessories item 87,Accessories,43.22,2024-07-29 06:40:13
88,BEA-0088,Beauty item 88,Beauty,29.62,2024-01-24 16:24:34
89,BEA-0089,Beauty item 89,Beauty,51.98,2024-07-26 23:21:21
90,HOM-0090,Home item 90,Home,70.01,2024-04-01 12:20:34
91,MEN-0091,Menswear item 91,Menswear,49.19,2024-11-27 15:17:45
92,BEA-0092,Beauty item 92,Beauty,69.83,2024-07-19 17:05:14
93,ACC-0093,Accessories item 93,Accessories,117.98,2024-02-27 06:18:42
94,HOM-0094,Home item 94,Home,23.23,2024-03-05 22:05:19
95,WOM-0095,Womenswear item 95,Womenswear,17.76,2024-06-13 10:08:24
96,ACC-0096,Accessories item 96,Accessories,53.94,2024-11-15 10:51:08
97,BEA-0097,Beauty item 97,Beauty,33.17,2024-12-19 17:18:47
98,MEN-0098,Menswear item 98,Menswear,13.18,2024-08-04 01:41:24
99,KID-0099,Kids item 99,Kids,103.23,2024-07-20 19:50:41
100,MEN-0100,Menswear item 100,Menswear,95.03,2024-08-29 23:19:14
101,HOM-0101,Home item 101,Home,16.16,2024-02-28 02:46:03
102,BEA-0102,Beauty item 102,Beauty,71.17,2024-12-30 22:10:21
103,MEN-0103,Menswear item 103,Menswear,68.83,2024-02-09 05:17:56
104,BEA-0104,Beauty item 104,Beauty,105.98,2024-12-06 22:33:39
105,HOM-0105,Home item 105,Home,79.61,2024-08-10 03:38:34
106,MEN-0106,Menswear item 106,Menswear,23.15,2024-06-05 11:59:22
107,BEA-0107,beauty item 107,Beauty,82.66,2024-06-05 00:18:03
108,KID-0108,Kids item 108,Kids,83.79,2024-01-20 03:25:30
109,KID-0109,Kids item 109,Kids,107.95,2024-01-08 20:35:03
110,KID-0110,Kids item 110,Kids,39.38,2024-11-23 07:53:57
111,ACC-0111,Accessories item 111,Accessories,83.13,2024-12-03 10:44:06
112,KID-0112,Kids item 112,Kids,116.98,2024-06-21 02:05:24
113,KID-0113,Kids item 113,Kids,34.52,2024-06-10 20:36:12
114,MEN-0114,Menswear item 114,Menswear,24.99,2024-03-23 02:18:08
115,HOM-0115,Home item 115,Home,89.69,2024-10-21 22:59:26
116,KID-0116,Kids item 116,Kids,99.06,2024-07-19 02:39:42
117,MEN-0117,Menswear item 117,Menswear,39.4,2024-07-15 19:40:27
118,BEA-0118,Beauty item 118,Beauty,105.88,2024-01-12 05:48:59
119,WOM-0119,  Womenswear item 119 ,Womenswear,100.93,2024-04-06 21:25:04
120,KID-0120,Kids item 120,Kids,85.44,2024-04-16 09:39:19
